Fecha,Año,Socio,País,Monto Total USD Aprobados,Cantidad Total Aprobados,Origen
1961-01-01,1961,Fundadores,Guatemala,275000.0,1,prestamos
1962-01-01,1962,Fundadores,El Salvador,1546000.0,4,prestamos
1962-01-01,1962,Fundadores,Guatemala,190000.0,2,prestamos
1962-01-01,1962,Fundadores,Honduras,565000.0,4,prestamos
1962-01-01,1962,Fundadores,Nicaragua,937200.0,1,prestamos
1963-01-01,1963,Fundadores,Costa Rica,62000.0,2,prestamos
1963-01-01,1963,Fundadores,El Salvador,2446600.0,6,prestamos
1963-01-01,1963,Fundadores,Guatemala,3434500.0,12,prestamos
1963-01-01,1963,Fundadores,Honduras,4116900.0,9,prestamos
1963-01-01,1963,Fundadores,Nicaragua,1044848.5700000001,6,prestamos
1964-01-01,1964,Fundadores,Costa Rica,2286435.0,8,prestamos
1964-01-01,1964,Fundadores,El Salvador,1722500.0,5,prestamos
1964-01-01,1964,Fundadores,Guatemala,410000.0,3,prestamos
1964-01-01,1964,Fundadores,Honduras,1307000.0,5,prestamos
1964-01-01,1964,Fundadores,Nicaragua,11370158.0,9,prestamos
1965-01-01,1965,Fundadores,Costa Rica,3284100.0,6,prestamos
1965-01-01,1965,Fundadores,El Salvador,6162700.0,9,prestamos
1965-01-01,1965,Fundadores,Guatemala,2188090.0,8,prestamos
1965-01-01,1965,Fundadores,Honduras,3061557.0,15,prestamos
1965-01-01,1965,Fundadores,Nicaragua,5942000.0,7,prestamos
1966-01-01,1966,Fundadores,Costa Rica,7818500.0,7,prestamos
1966-01-01,1966,Fundadores,El Salvador,6658400.0,9,prestamos
1966-01-01,1966,Fundadores,Guatemala,8563080.0,16,prestamos
1966-01-01,1966,Fundadores,Honduras,13994500.0,13,prestamos
1966-01-01,1966,Fundadores,Nicaragua,9447240.0,8,prestamos
1967-01-01,1967,Fundadores,Costa Rica,7154600.0,7,prestamos
1967-01-01,1967,Fundadores,El Salvador,986000.0,4,prestamos
1967-01-01,1967,Fundadores,Guatemala,6725000.0,4,prestamos
1967-01-01,1967,Fundadores,Honduras,1896980.0,7,prestamos
1967-01-01,1967,Fundadores,Nicaragua,9838300.0,11,prestamos
1968-01-01,1968,Fundadores,Costa Rica,3783000.0,8,prestamos
1968-01-01,1968,Fundadores,El Salvador,9425700.0,7,prestamos
1968-01-01,1968,Fundadores,Guatemala,7424000.0,7,prestamos
1968-01-01,1968,Fundadores,Honduras,11556800.0,13,prestamos
1968-01-01,1968,Fundadores,Nicaragua,4534714.0,4,prestamos
1969-01-01,1969,Fundadores,Costa Rica,13738600.0,16,prestamos
1969-01-01,1969,Fundadores,El Salvador,10860130.0,12,prestamos
1969-01-01,1969,Fundadores,Guatemala,7365000.0,7,prestamos
1969-01-01,1969,Fundadores,Honduras,13952900.0,18,prestamos
1969-01-01,1969,Fundadores,Nicaragua,6735893.0,15,prestamos
1970-01-01,1970,Fundadores,Costa Rica,5431100.0,6,prestamos
1970-01-01,1970,Fundadores,El Salvador,7875600.0,10,prestamos
1970-01-01,1970,Fundadores,Guatemala,2657184.0,8,prestamos
1970-01-01,1970,Fundadores,Honduras,19522000.0,24,prestamos
1970-01-01,1970,Fundadores,Nicaragua,10376236.0,12,prestamos
1971-01-01,1971,Fundadores,Costa Rica,9016075.0,12,prestamos
1971-01-01,1971,Fundadores,El Salvador,4857157.140000001,9,prestamos
1971-01-01,1971,Fundadores,Guatemala,12691000.0,14,prestamos
1971-01-01,1971,Fundadores,Honduras,9698272.0,25,prestamos
1971-01-01,1971,Fundadores,Nicaragua,13902486.0,18,prestamos
1972-01-01,1972,Fundadores,Costa Rica,17342150.0,15,prestamos
1972-01-01,1972,Fundadores,El Salvador,7031360.0,6,prestamos
1972-01-01,1972,Fundadores,Guatemala,15080370.0,10,prestamos
1972-01-01,1972,Fundadores,Honduras,6642300.0,21,prestamos
1972-01-01,1972,Fundadores,Nicaragua,11009214.0,13,prestamos
1973-01-01,1973,Fundadores,Costa Rica,34580000.0,19,prestamos
1973-01-01,1973,Fundadores,El Salvador,15990000.0,11,prestamos
1973-01-01,1973,Fundadores,Guatemala,18752620.0,12,prestamos
1973-01-01,1973,Fundadores,Honduras,19280800.0,14,prestamos
1973-01-01,1973,Fundadores,Nicaragua,15826528.0,16,prestamos
1974-01-01,1974,Fundadores,Costa Rica,49808100.0,29,prestamos
1974-01-01,1974,Fundadores,El Salvador,12820000.0,11,prestamos
1974-01-01,1974,Fundadores,Guatemala,15615000.0,11,prestamos
1974-01-01,1974,Fundadores,Honduras,23212000.0,24,prestamos
1974-01-01,1974,Fundadores,Nicaragua,25087000.0,15,prestamos
1975-01-01,1975,Fundadores,Costa Rica,31894000.0,13,prestamos
1975-01-01,1975,Fundadores,El Salvador,21440000.0,7,prestamos
1975-01-01,1975,Fundadores,Guatemala,27250000.0,11,prestamos
1975-01-01,1975,Fundadores,Honduras,45409089.0,28,prestamos
1975-01-01,1975,Fundadores,Nicaragua,39074000.0,18,prestamos
1976-01-01,1976,Fundadores,Costa Rica,41482000.0,14,prestamos
1976-01-01,1976,Fundadores,El Salvador,17825000.0,9,prestamos
1976-01-01,1976,Fundadores,Guatemala,33170000.0,9,prestamos
1976-01-01,1976,Fundadores,Honduras,24656200.0,13,prestamos
1976-01-01,1976,Fundadores,Nicaragua,22340000.0,6,prestamos
1977-01-01,1977,Fundadores,Costa Rica,20760000.0,6,prestamos
1977-01-01,1977,Fundadores,El Salvador,14100000.0,2,prestamos
1977-01-01,1977,Fundadores,Guatemala,14800000.0,6,prestamos
1977-01-01,1977,Fundadores,Honduras,20118000.0,14,prestamos
1977-01-01,1977,Fundadores,Nicaragua,28010000.0,12,prestamos
1978-01-01,1978,Fundadores,Costa Rica,44755000.0,12,prestamos
1978-01-01,1978,Fundadores,El Salvador,35520000.0,13,prestamos
1978-01-01,1978,Fundadores,Guatemala,50490000.0,12,prestamos
1978-01-01,1978,Fundadores,Honduras,31330000.0,11,prestamos
1978-01-01,1978,Fundadores,Nicaragua,29871000.0,10,prestamos
1979-01-01,1979,Fundadores,Costa Rica,45110000.0,13,prestamos
1979-01-01,1979,Fundadores,El Salvador,44266000.0,9,prestamos
1979-01-01,1979,Fundadores,Guatemala,10350000.0,6,prestamos
1979-01-01,1979,Fundadores,Honduras,50130600.0,14,prestamos
1979-01-01,1979,Fundadores,Nicaragua,13800000.0,8,prestamos
1980-01-01,1980,Fundadores,Costa Rica,26731288.0,13,prestamos
1980-01-01,1980,Fundadores,El Salvador,63717000.0,12,prestamos
1980-01-01,1980,Fundadores,Guatemala,41840000.0,11,prestamos
1980-01-01,1980,Fundadores,Honduras,44642500.0,13,prestamos
1980-01-01,1980,Fundadores,Nicaragua,65285000.0,16,prestamos
1981-01-01,1981,Fundadores,Costa Rica,21771000.0,8,prestamos
1981-01-01,1981,Fundadores,El Salvador,9681100.0,6,prestamos
1981-01-01,1981,Fundadores,Guatemala,25489000.0,8,prestamos
1981-01-01,1981,Fundadores,Honduras,35921550.0,13,prestamos
1981-01-01,1981,Fundadores,Nicaragua,47650000.0,7,prestamos
1982-01-01,1982,Fundadores,Costa Rica,16500000.0,3,prestamos
1982-01-01,1982,Fundadores,El Salvador,19800000.0,5,prestamos
1982-01-01,1982,Fundadores,Guatemala,36600000.0,4,prestamos
1982-01-01,1982,Fundadores,Honduras,40794000.0,7,prestamos
1982-01-01,1982,Fundadores,Nicaragua,19700000.0,4,prestamos
1983-01-01,1983,Fundadores,Costa Rica,17202200.0,4,prestamos
1983-01-01,1983,Fundadores,Guatemala,6900000.0,1,prestamos
1983-01-01,1983,Fundadores,Honduras,7560000.0,3,prestamos
1983-01-01,1983,Fundadores,Nicaragua,13280000.0,3,prestamos
1984-01-01,1984,Fundadores,Costa Rica,1650000.0,1,prestamos
1984-01-01,1984,Fundadores,El Salvador,7600000.0,1,prestamos
1984-01-01,1984,Fundadores,Guatemala,1200000.0,1,prestamos
1984-01-01,1984,Fundadores,Honduras,14100000.0,2,prestamos
1985-01-01,1985,Fundadores,Costa Rica,6600000.0,2,prestamos
1985-01-01,1985,Fundadores,El Salvador,1980000.0,1,prestamos
1985-01-01,1985,Fundadores,Guatemala,8000000.0,1,prestamos
1985-01-01,1985,Fundadores,Honduras,9150000.0,2,prestamos
1986-01-01,1986,Fundadores,Costa Rica,3000000.0,1,prestamos
1986-01-01,1986,Fundadores,El Salvador,13400000.0,2,prestamos
1986-01-01,1986,Fundadores,Honduras,16675000.0,6,prestamos
1987-01-01,1987,Fundadores,Costa Rica,18200000.0,7,prestamos
1987-01-01,1987,Fundadores,El Salvador,49800000.0,7,prestamos
1987-01-01,1987,Fundadores,Guatemala,27820000.0,6,prestamos
1987-01-01,1987,Fundadores,Honduras,30478300.0,8,prestamos
1988-01-01,1988,Fundadores,Costa Rica,23000000.0,5,prestamos
1988-01-01,1988,Fundadores,El Salvador,16740000.0,4,prestamos
1988-01-01,1988,Fundadores,Honduras,37600000.0,10,prestamos
1989-01-01,1989,Fundadores,Costa Rica,38000000.0,4,prestamos
1989-01-01,1989,Fundadores,El Salvador,12000000.0,3,prestamos
1989-01-01,1989,Fundadores,Guatemala,7099000.0,4,prestamos
1989-01-01,1989,Fundadores,Honduras,48000000.0,4,prestamos
1989-01-01,1989,Fundadores,Nicaragua,4650000.0,5,prestamos
1990-01-01,1990,Fundadores,Costa Rica,28375000.0,4,prestamos
1990-01-01,1990,Fundadores,El Salvador,37670000.0,5,prestamos
1990-01-01,1990,Fundadores,Guatemala,43820600.0,6,prestamos
1990-01-01,1990,Fundadores,Honduras,58900000.0,9,prestamos
1990-01-01,1990,Fundadores,Nicaragua,30000000.0,3,prestamos
1991-01-01,1991,Fundadores,Costa Rica,36900000.0,4,prestamos
1991-01-01,1991,Fundadores,El Salvador,1000000.0,1,prestamos
1991-01-01,1991,Fundadores,Guatemala,11700000.0,3,prestamos
1991-01-01,1991,Fundadores,Honduras,54100000.0,8,prestamos
1991-01-01,1991,Fundadores,Nicaragua,67200000.0,5,prestamos
1992-01-01,1992,Fundadores,Costa Rica,55165745.0,13,prestamos
1992-01-01,1992,Fundadores,El Salvador,50800000.0,7,prestamos
1992-01-01,1992,Fundadores,Guatemala,11660000.0,7,prestamos
1992-01-01,1992,Fundadores,Honduras,89777167.0,23,prestamos
1992-01-01,1992,Fundadores,Nicaragua,64877012.0,12,prestamos
1993-01-01,1993,Fundadores,Costa Rica,46750000.0,24,prestamos
1993-01-01,1993,Fundadores,El Salvador,80109000.0,17,prestamos
1993-01-01,1993,Fundadores,Guatemala,109356600.0,34,prestamos
1993-01-01,1993,Fundadores,Honduras,98428100.0,22,prestamos
1993-01-01,1993,Fundadores,Nicaragua,67765800.0,10,prestamos
1994-01-01,1994,Fundadores,Costa Rica,143810244.0,42,prestamos
1994-01-01,1994,Fundadores,El Salvador,168551000.0,26,prestamos
1994-01-01,1994,Fundadores,Guatemala,84142635.0,26,prestamos
1994-01-01,1994,Fundadores,Honduras,75716800.0,28,prestamos
1994-01-01,1994,Fundadores,Nicaragua,94133772.0,21,prestamos
1995-01-01,1995,Fundadores,Costa Rica,100185316.0,21,prestamos
1995-01-01,1995,Fundadores,El Salvador,92663548.0,15,prestamos
1995-01-01,1995,Fundadores,Guatemala,110925000.0,39,prestamos
1995-01-01,1995,Fundadores,Honduras,65755000.0,21,prestamos
1995-01-01,1995,Fundadores,Nicaragua,23475000.0,8,prestamos
1996-01-01,1996,Fundadores,Costa Rica,102776059.0,29,prestamos
1996-01-01,1996,Fundadores,El Salvador,186417530.0,25,prestamos
1996-01-01,1996,Fundadores,Guatemala,206636700.0,26,prestamos
1996-01-01,1996,Fundadores,Honduras,74310000.0,15,prestamos
1996-01-01,1996,Fundadores,Nicaragua,11737565.0,11,prestamos
1997-01-01,1997,Fundadores,Costa Rica,118707500.0,16,prestamos
1997-01-01,1997,Fundadores,El Salvador,162055400.0,18,prestamos
1997-01-01,1997,Fundadores,Guatemala,218496773.0,19,prestamos
1997-01-01,1997,Fundadores,Honduras,42847000.0,13,prestamos
1997-01-01,1997,Fundadores,Nicaragua,7500000.0,3,prestamos
1998-01-01,1998,Fundadores,Costa Rica,141484350.0,27,prestamos
1998-01-01,1998,Fundadores,El Salvador,206671000.0,11,prestamos
1998-01-01,1998,Fundadores,Guatemala,377987300.0,22,prestamos
1998-01-01,1998,Fundadores,Honduras,192949550.0,25,prestamos
1998-01-01,1998,Fundadores,Nicaragua,32711300.0,7,prestamos
1999-01-01,1999,Fundadores,Costa Rica,92142138.0,9,prestamos
1999-01-01,1999,Fundadores,El Salvador,61619477.0,6,prestamos
1999-01-01,1999,Fundadores,Guatemala,143367200.0,15,prestamos
1999-01-01,1999,Fundadores,Honduras,18848000.0,3,prestamos
1999-01-01,1999,Fundadores,Nicaragua,20500000.0,7,prestamos
2000-01-01,2000,Fundadores,Costa Rica,112721406.0,11,prestamos
2000-01-01,2000,Fundadores,El Salvador,87830000.0,3,prestamos
2000-01-01,2000,Fundadores,Guatemala,76000000.0,6,prestamos
2000-01-01,2000,Fundadores,Honduras,35931050.0,6,prestamos
2000-01-01,2000,Fundadores,Nicaragua,15100000.0,6,prestamos
2001-01-01,2001,Fundadores,Costa Rica,161853800.0,7,prestamos
2001-01-01,2001,Fundadores,El Salvador,230200000.0,17,prestamos
2001-01-01,2001,Fundadores,Guatemala,126951252.0,7,prestamos
2001-01-01,2001,Fundadores,Honduras,46220064.0,10,prestamos
2001-01-01,2001,Fundadores,Nicaragua,19350000.0,8,prestamos
2002-01-01,2002,Fundadores,Costa Rica,350164000.0,19,prestamos
2002-01-01,2002,Fundadores,El Salvador,111580000.0,12,prestamos
2002-01-01,2002,Fundadores,Guatemala,144522014.0,11,prestamos
2002-01-01,2002,Fundadores,Honduras,41712285.0,6,prestamos
2002-01-01,2002,Fundadores,Nicaragua,79181947.69,22,prestamos
2003-01-01,2003,Fundadores,Costa Rica,172666255.46,15,prestamos
2003-01-01,2003,Fundadores,El Salvador,173476300.0,16,prestamos
2003-01-01,2003,Fundadores,Guatemala,99650000.0,12,prestamos
2003-01-01,2003,Fundadores,Honduras,192823903.47,22,prestamos
2003-01-01,2003,Fundadores,Nicaragua,64695100.0,18,prestamos
2004-01-01,2004,Fundadores,Costa Rica,181790000.0,12,prestamos
2004-01-01,2004,Fundadores,El Salvador,223125000.0,15,prestamos
2004-01-01,2004,Fundadores,Guatemala,88760000.0,9,prestamos
2004-01-01,2004,Fundadores,Honduras,197676537.0,15,prestamos
2004-01-01,2004,Fundadores,Nicaragua,35507000.0,20,prestamos
2005-01-01,2005,Extraregionales,Colombia,71120000.0,2,prestamos
2005-01-01,2005,Fundadores,Costa Rica,466059808.18,13,prestamos
2005-01-01,2005,Fundadores,El Salvador,276378347.75,18,prestamos
2005-01-01,2005,Fundadores,Guatemala,663365000.0,14,prestamos
2005-01-01,2005,Fundadores,Honduras,204978263.49,21,prestamos
2005-01-01,2005,Fundadores,Nicaragua,110407872.66,22,prestamos
2005-01-01,2005,Regional No Fundadores,Panamá,20000000.0,1,prestamos
2006-01-01,2006,Fundadores,Costa Rica,748865400.0,28,prestamos
2006-01-01,2006,Fundadores,El Salvador,433210440.0,24,prestamos
2006-01-01,2006,Fundadores,Guatemala,377049000.0,28,prestamos
2006-01-01,2006,Fundadores,Honduras,238627000.05,16,prestamos
2006-01-01,2006,Fundadores,Nicaragua,299548434.0,25,prestamos
2007-01-01,2007,Extraregionales,Colombia,186948000.0,2,prestamos
2007-01-01,2007,Fundadores,Costa Rica,650200000.0,25,prestamos
2007-01-01,2007,Fundadores,El Salvador,471715000.0,15,prestamos
2007-01-01,2007,Fundadores,Guatemala,567905000.0,19,prestamos
2007-01-01,2007,Fundadores,Honduras,162352100.0,24,prestamos
2007-01-01,2007,Fundadores,Nicaragua,283895047.0,23,prestamos
2007-01-01,2007,Regional No Fundadores,Panamá,116033333.33,3,prestamos
2007-01-01,2007,Regional No Fundadores,República Dominicana,50000000.0,1,prestamos
2008-01-01,2008,Extraregionales,Colombia,5000000.0,1,prestamos
2008-01-01,2008,Fundadores,Costa Rica,199390000.0,16,prestamos
2008-01-01,2008,Fundadores,El Salvador,299866000.0,8,prestamos
2008-01-01,2008,Fundadores,Guatemala,375894000.0,18,prestamos
2008-01-01,2008,Fundadores,Honduras,273906000.0,19,prestamos
2008-01-01,2008,Fundadores,Nicaragua,269043879.0,16,prestamos
2008-01-01,2008,Regional No Fundadores,Panamá,30100000.0,1,prestamos
2009-01-01,2009,Fundadores,Costa Rica,376438203.07,11,prestamos
2009-01-01,2009,Fundadores,El Salvador,294433870.0,3,prestamos
2009-01-01,2009,Fundadores,Guatemala,145715600.0,7,prestamos
2009-01-01,2009,Fundadores,Honduras,95500000.0,3,prestamos
2009-01-01,2009,Fundadores,Nicaragua,321287137.88,13,prestamos
2009-01-01,2009,Regional No Fundadores,Belice,1905800.0,1,prestamos
2009-01-01,2009,Regional No Fundadores,Panamá,20000000.0,1,prestamos
2010-01-01,2010,Extraregionales,Colombia,35321000.0,1,prestamos
2010-01-01,2010,Fundadores,Costa Rica,218453958.0,12,prestamos
2010-01-01,2010,Fundadores,El Salvador,132865000.0,13,prestamos
2010-01-01,2010,Fundadores,Guatemala,336415000.0,5,prestamos
2010-01-01,2010,Fundadores,Honduras,474371179.0,10,prestamos
2010-01-01,2010,Fundadores,Nicaragua,148226951.0,5,prestamos
2010-01-01,2010,Regional No Fundadores,Belice,10667410.0,2,prestamos
2010-01-01,2010,Regional No Fundadores,Panamá,12790915.0,2,prestamos
2010-01-01,2010,Regional No Fundadores,República Dominicana,150000000.0,2,prestamos
2011-01-01,2011,Extraregionales,Colombia,50000000.0,1,prestamos
2011-01-01,2011,Fundadores,Costa Rica,530000000.0,8,prestamos
2011-01-01,2011,Fundadores,El Salvador,285837173.8,9,prestamos
2011-01-01,2011,Fundadores,Guatemala,184050000.0,5,prestamos
2011-01-01,2011,Fundadores,Honduras,392236000.0,5,prestamos
2011-01-01,2011,Fundadores,Nicaragua,162434985.0,7,prestamos
2011-01-01,2011,Regional No Fundadores,Panamá,25000000.0,1,prestamos
2012-01-01,2012,Fundadores,Costa Rica,353000000.0,5,prestamos
2012-01-01,2012,Fundadores,El Salvador,211161825.0,6,prestamos
2012-01-01,2012,Fundadores,Guatemala,366288817.45,6,prestamos
2012-01-01,2012,Fundadores,Honduras,380737976.09000003,9,prestamos
2012-01-01,2012,Fundadores,Nicaragua,253044054.79,5,prestamos
2013-01-01,2013,Fundadores,Costa Rica,549775000.0,8,prestamos
2013-01-01,2013,Fundadores,El Salvador,199208600.0,4,prestamos
2013-01-01,2013,Fundadores,Guatemala,18750000.0,1,prestamos
2013-01-01,2013,Fundadores,Honduras,159802700.0,6,prestamos
2013-01-01,2013,Fundadores,Nicaragua,366545473.0,6,prestamos
2013-01-01,2013,Regional No Fundadores,Panamá,10000000.0,1,prestamos
2013-01-01,2013,Regional No Fundadores,República Dominicana,80200000.0,1,prestamos
2014-01-01,2014,Extraregionales,Colombia,50000000.0,1,prestamos
2014-01-01,2014,Fundadores,Costa Rica,329000000.0,8,prestamos
2014-01-01,2014,Fundadores,El Salvador,311137500.0,8,prestamos
2014-01-01,2014,Fundadores,Guatemala,306607000.0,4,prestamos
2014-01-01,2014,Fundadores,Honduras,210744117.73000002,6,prestamos
2014-01-01,2014,Fundadores,Nicaragua,333883194.0,4,prestamos
2014-01-01,2014,Regional No Fundadores,Belice,30000000.0,1,prestamos
2014-01-01,2014,Regional No Fundadores,Panamá,30000000.0,1,prestamos
2015-01-01,2015,Extraregionales,Argentina,50000000.0,1,prestamos
2015-01-01,2015,Extraregionales,Colombia,136000000.0,1,prestamos
2015-01-01,2015,Fundadores,Costa Rica,275587964.87,6,prestamos
2015-01-01,2015,Fundadores,El Salvador,340521814.0,10,prestamos
2015-01-01,2015,Fundadores,Guatemala,380000000.0,3,prestamos
2015-01-01,2015,Fundadores,Honduras,258300000.0,4,prestamos
2015-01-01,2015,Fundadores,Nicaragua,196016547.10000002,5,prestamos
2015-01-01,2015,Regional No Fundadores,Panamá,220000000.0,2,prestamos
2016-01-01,2016,Extraregionales,Argentina,90000000.0,2,prestamos
2016-01-01,2016,Extraregionales,México,150000000.0,1,prestamos
2016-01-01,2016,Fundadores,Costa Rica,341842413.0,4,prestamos
2016-01-01,2016,Fundadores,El Salvador,385772251.84000003,5,prestamos
2016-01-01,2016,Fundadores,Guatemala,300000000.0,1,prestamos
2016-01-01,2016,Fundadores,Honduras,102182437.78,3,prestamos
2016-01-01,2016,Fundadores,Nicaragua,379786817.2,6,prestamos
2016-01-01,2016,Regional No Fundadores,Panamá,256000000.0,3,prestamos
2016-01-01,2016,Regional No Fundadores,República Dominicana,100000000.0,1,prestamos
2017-01-01,2017,Extraregionales,Argentina,30000000.0,1,prestamos
2017-01-01,2017,Extraregionales,Colombia,50000000.0,1,prestamos
2017-01-01,2017,Fundadores,Costa Rica,215760000.0,4,prestamos
2017-01-01,2017,Fundadores,El Salvador,307306842.25,3,prestamos
2017-01-01,2017,Fundadores,Guatemala,137000000.0,3,prestamos
2017-01-01,2017,Fundadores,Honduras,267306740.0,3,prestamos
2017-01-01,2017,Fundadores,Nicaragua,478774000.0,5,prestamos
2017-01-01,2017,Regional No Fundadores,Panamá,190000000.0,3,prestamos
2017-01-01,2017,Regional No Fundadores,República Dominicana,249600000.0,1,prestamos
2018-01-01,2018,Extraregionales,Argentina,32000000.0,1,prestamos
2018-01-01,2018,Fundadores,Costa Rica,530284067.0,3,prestamos
2018-01-01,2018,Fundadores,El Salvador,283500000.0,3,prestamos
2018-01-01,2018,Fundadores,Guatemala,193200000.0,1,prestamos
2018-01-01,2018,Fundadores,Honduras,84262590.7,4,prestamos
2018-01-01,2018,Fundadores,Nicaragua,365114696.0,3,prestamos
2018-01-01,2018,Regional No Fundadores,Panamá,801000000.0,7,prestamos
2018-01-01,2018,Regional No Fundadores,República Dominicana,154000000.0,2,prestamos
2019-01-01,2019,Extraregionales,Argentina,67000000.0,1,prestamos
2019-01-01,2019,Fundadores,Costa Rica,640055000.0,2,prestamos
2019-01-01,2019,Fundadores,El Salvador,576162715.48,6,prestamos
2019-01-01,2019,Fundadores,Guatemala,345700000.0,2,prestamos
2019-01-01,2019,Fundadores,Honduras,168586952.0,3,prestamos
2019-01-01,2019,Fundadores,Nicaragua,656144540.0,4,prestamos
2019-01-01,2019,Regional No Fundadores,Panamá,184000000.0,3,prestamos
2020-01-01,2020,Extraregionales,Argentina,50000000.0,1,prestamos
2020-01-01,2020,Fundadores,Costa Rica,705160000.0,3,prestamos
2020-01-01,2020,Fundadores,El Salvador,615200000.0,4,prestamos
2020-01-01,2020,Fundadores,Guatemala,1500000.0,1,prestamos
2020-01-01,2020,Fundadores,Honduras,958498052.95,10,prestamos
2020-01-01,2020,Fundadores,Nicaragua,698696935.0,4,prestamos
2020-01-01,2020,Regional No Fundadores,Panamá,400000000.0,2,prestamos
2020-01-01,2020,Regional No Fundadores,República Dominicana,30000000.0,1,prestamos
2021-01-01,2021,Extraregionales,Argentina,150000000.0,3,prestamos
2021-01-01,2021,Fundadores,Costa Rica,580000000.0,2,prestamos
2021-01-01,2021,Fundadores,El Salvador,884700000.0,4,prestamos
2021-01-01,2021,Fundadores,Guatemala,7000000.0,1,prestamos
2021-01-01,2021,Fundadores,Honduras,720266365.18,7,prestamos
2021-01-01,2021,Fundadores,Nicaragua,812903013.99,8,prestamos
2021-01-01,2021,Regional No Fundadores,Panamá,125000000.0,1,prestamos
2021-01-01,2021,Regional No Fundadores,República Dominicana,410000000.0,2,prestamos
2022-01-01,2022,Extraregionales,Argentina,115000000.0,4,prestamos
2022-01-01,2022,Extraregionales,Colombia,250000000.0,1,prestamos
2022-01-01,2022,Extraregionales,Cuba,50000000.0,1,prestamos
2022-01-01,2022,Fundadores,Costa Rica,1190000000.0,3,prestamos
2022-01-01,2022,Fundadores,El Salvador,896000000.0,6,prestamos
2022-01-01,2022,Fundadores,Guatemala,270000000.0,2,prestamos
2022-01-01,2022,Fundadores,Honduras,485000000.0,3,prestamos
2022-01-01,2022,Fundadores,Nicaragua,200000000.0,1,prestamos
2022-01-01,2022,Regional No Fundadores,Belice,24000000.0,1,prestamos
2022-01-01,2022,Regional No Fundadores,Panamá,230000000.0,3,prestamos
2022-01-01,2022,Regional No Fundadores,República Dominicana,580000000.0,4,prestamos
2023-01-01,2023,Extraregionales,Argentina,625000000.0,3,prestamos
2023-01-01,2023,Extraregionales,Colombia,250000000.0,1,prestamos
2023-01-01,2023,Fundadores,Costa Rica,1000000000.0,3,prestamos
2023-01-01,2023,Fundadores,Guatemala,15000000.0,1,prestamos
2023-01-01,2023,Fundadores,Honduras,786988111.14,4,prestamos
2023-01-01,2023,Regional No Fundadores,Belice,2500000.0,1,prestamos
2023-01-01,2023,Regional No Fundadores,República Dominicana,908226411.0,3,prestamos
2024-01-01,2024,Extraregionales,Argentina,230000000.0,1,prestamos
2024-01-01,2024,Fundadores,Costa Rica,770000000.0,1,prestamos
2024-01-01,2024,Fundadores,El Salvador,263900000.0,2,prestamos
2024-01-01,2024,Fundadores,Guatemala,19000000.0,2,prestamos
2024-01-01,2024,Fundadores,Honduras,476300000.0,3,prestamos
2024-01-01,2024,Fundadores,Nicaragua,130000000.0,1,prestamos
2024-01-01,2024,Regional No Fundadores,Panamá,240000000.0,1,prestamos
2024-01-01,2024,Regional No Fundadores,República Dominicana,100000000.0,1,prestamos
2025-01-01,2025,Extraregionales,Argentina,100000000.0,1,prestamos
2025-01-01,2025,Extraregionales,Colombia,75000000.0,1,prestamos
2025-01-01,2025,Fundadores,Costa Rica,815000000.0,2,prestamos
2025-01-01,2025,Fundadores,El Salvador,350000000.0,3,prestamos
2025-01-01,2025,Fundadores,Guatemala,75000000.0,2,prestamos
2025-01-01,2025,Fundadores,Honduras,465000000.0,2,prestamos
2025-01-01,2025,Fundadores,Nicaragua,235000000.0,1,prestamos
2025-01-01,2025,Regional No Fundadores,Panamá,95000000.0,2,prestamos
2025-01-01,2025,Regional No Fundadores,República Dominicana,80900000.0,1,prestamos
2025-01-01,2025,Regionales,Regional,37187479.0,1,prestamos
